App_ID,First_Name,Last_Name,Date_Of_Birth,Mailing_Address,Primary_Phone_Number,Email_Address,Gender,Ethnicity,Name_of_HS,Counselor_Name,Country,Region,Intended_Major,Superscored_SAT_Score,Superscored_ACT_Score,Unweighted_GPA,Weighted_GPA,Rank,AP_Courses,Total_APs,IB_Courses,Total_IBs,Activities,Awards,Hooks,Admission_Year,Admission_Term,Create_Date_Time,Last_Updated,Review_Ctr,Application_status,Final_Decision
APP_001,Alex,Bennett,2008-11-21,"1000 Example Lane, Raleigh, NC 27601",919-555-0100,alex.bennett.001@example.com,Female,Asian,Raleigh High School,Avery James,USA,Southeast,"Studio Art, llustration",1500.0,,3.86,4.68,,"AP World History, AP English Literature, AP Human Geography, AP Spanish Language, AP Physics C Mechanics, AP Microeconomics, AP Computer Science A",7.0,,,"Environmental club volunteer, Track and field athlete, Varsity soccer player, School art club member, Science club member, Animal shelter volunteer, Debate team member, Chess club member, Robotics club member","School academic honor roll, District art competition finalist, School mathematics award, School leadership award, Student journalism recognition",,2026,F,2026-03-30T15:34:14.000Z,,0,,
APP_002,Jordan,Ellis,2009-07-21,"1001 Sample Avenue, Madison, WI 53703",608-555-0101,jordan.ellis.002@example.com,Female,Black,Madison High School,Quinn Lane,USA,Midwest,"Theatre, Political Science, Business",1430.0,,3.3,,,,,,,"Varsity soccer player, Robotics club member, Debate team member, Chess club member, School art club member, School newspaper editor, Track and field athlete, Animal shelter volunteer","Student journalism recognition, Community service recognition, School academic honor roll","URM, First-Gen",2026,F,2026-03-31T04:34:00.000Z,,0,,
APP_003,Taylor,Price,2007-06-24,"1002 Demo Drive, Portland, OR 97205",503-555-0102,taylor.price.003@example.com,Female,East Asian,Portland High School,Cameron Moore,USA,West,"Biomedical Engineering, Bioengineering",1570.0,,3.9,,,"AP Human Geography, AP US Government, AP Macroeconomics, AP Spanish Language, AP Research, AP US History, AP Biology, AP Chemistry, AP Psychology, AP Physics C Electricity and Magnetism, AP World History",11.0,,,"Yearbook photographer, Track and field athlete, Youth orchestra musician, Coding club member, Environmental club volunteer, Community food bank volunteer, Concert band musician, Science club member, Animal shelter volunteer",Robotics competition team award,,2026,F,2026-02-13T03:18:54.000Z,,0,,
APP_004,Morgan,Chen,2008-11-05,"1003 Prototype Road, Boston, MA 02108",617-555-0103,morgan.chen.004@example.com,Female,White,Boston High School,Jamie Price,USA,Northeast,Political science,,31.0,3.7,4.6,18/250,"AP Seminar, AP French Language, AP Psychology, AP US History, AP Biology, AP Chemistry, AP European History",7.0,,,School art club member,"School music achievement award, School leadership award, Regional debate tournament finalist",,2026,F,2026-03-31T23:59:26.000Z,,0,,
APP_005,Casey,Allen,2009-03-09,"1004 Test Court, Austin, TX 78701",512-555-0104,casey.allen.005@example.com,Female,White,Austin High School,Sydney Stone,USA,Southwest,"Neuroscience, Pre-Med",,32.0,3.95,,,"AP Seminar, AP Calculus AB, AP Physics 1, AP Environmental Science, AP Comparative Government, AP English Language, AP Research",7.0,,,"Chess club member, Concert band musician, Student council representative, Debate team member, Community garden volunteer, School newspaper editor, Coding club member, Environmental club volunteer","Regional science fair finalist, Robotics competition team award",,2026,F,2026-04-08T14:45:46.000Z,,0,,
APP_006,Riley,Reed,2009-03-22,"1005 Example Lane, Denver, CO 80203",303-555-0105,riley.reed.006@example.com,Female,White,Denver High School,Drew Walker,USA,West,"Biology, Gender Studies",1320.0,31.0,3.92,4.74,,"AP English Literature, AP Microeconomics, AP Computer Science Principles, AP Art History, AP Music Theory",5.0,,,"Robotics club member, Debate team member","Regional debate tournament finalist, School leadership award, School music achievement award",legacy at drake university,2026,F,2026-02-22T20:45:56.000Z,,0,,
APP_007,Avery,Lane,2007-08-27,"1006 Sample Avenue, Columbus, OH 43215",614-555-0106,avery.lane.007@example.com,Male,Indian,Columbus High School,Parker Young,USA,Midwest,Physics,,36.0,4.0,,,"AP Calculus AB, AP Art History, AP English Literature, AP Chemistry, AP Physics C Mechanics, AP Biology, AP US Government, AP Physics C Electricity and Magnetism, AP World History, AP Macroeconomics, AP Comparative Government",11.0,,,"Environmental club volunteer, School art club member, Community garden volunteer","District art competition finalist, Community service recognition, School academic honor roll, Student journalism recognition, Regional debate tournament finalist",,2026,F,2026-04-01T11:58:29.000Z,,0,,
APP_008,Quinn,Rivera,2009-02-21,"1007 Demo Drive, Richmond, VA 23220",804-555-0107,quinn.rivera.008@example.com,Male,White/Jew,Richmond High School,Reese Collins,USA,Southeast,Biochemistry,1460.0,,,4.3,,"AP Calculus BC, AP Physics 2, AP Spanish Language, AP French Language, AP Environmental Science, AP Comparative Government, AP Physics 1, AP Physics C Electricity and Magnetism, AP English Language, AP Music Theory, AP US History, AP US Government, AP Microeconomics",13.0,,,"Environmental club volunteer, Yearbook photographer, Chess club member","School music achievement award, Regional science fair finalist, School academic honor roll, Robotics competition team award, Student journalism recognition",,2026,F,2026-03-30T01:44:16.000Z,,0,,
APP_009,Cameron,Davis,2008-03-27,"1008 Prototype Road, Albany, NY 12207",518-555-0108,cameron.davis.009@example.com,Male,White,Albany High School,Rowan Rivera,USA,Northeast,"Pre-med, Biology, Chemistry",,31.0,3.85,4.47,,"AP Statistics, AP Spanish Language, AP Physics 1, AP Chemistry, AP English Literature, AP Art History, AP European History, AP Microeconomics, AP Human Geography, AP Psychology, AP Comparative Government, AP Physics C Electricity and Magnetism, AP Environmental Science, AP Biology",14.0,,,"Science club member, Community food bank volunteer, Chess club member, Peer math tutor, Community garden volunteer, Concert band musician, Drama club performer, Varsity soccer player, School newspaper editor","Community service recognition, Student journalism recognition, Regional science fair finalist",,2026,F,2026-04-15T14:15:55.000Z,,0,,
APP_010,Jamie,Morgan,2009-02-07,"1009 Test Court, Phoenix, AZ 85004",602-555-0109,jamie.morgan.010@example.com,Female,White,Phoenix High School,Sage Patel,USA,Southwest,Political Science,,35.0,4.0,4.2,,"AP US Government, AP Computer Science Principles, AP Spanish Language, AP Physics 2, AP Seminar, AP Human Geography, AP Physics C Electricity and Magnetism, AP French Language, AP Physics 1",9.0,,,"School newspaper editor, Robotics club member",School leadership award,underrepresented state,2026,F,2026-04-07T02:26:18.000Z,,0,,
