App_ID,First_Name,Last_Name,Date_Of_Birth,Mailing_Address,Primary_Phone_Number,Email_Address,Gender,Ethnicity,Name_of_HS,Counselor_Name,Country,Region,Intended_Major,Superscored_SAT_Score,Superscored_ACT_Score,Unweighted_GPA,Weighted_GPA,Rank,AP_Courses,Total_APs,IB_Courses,Total_IBs,Activities,Awards,Hooks,Admission_Year,Admission_Term,Create_Date_Time,Last_Updated,Review_Ctr,Application_status,Final_Decision
APP_011,Sydney,Hart,7/31/08,"1010 Example Lane, Raleigh, NC 27601",919-555-0110,sydney.hart.011@example.com,Female,Hispanic,Raleigh High School,Emerson Chen,USA,Southeast,Public Health,1420,,3.7,3.8,,"AP Calculus AB, AP Statistics, AP English Language, AP Environmental Science, AP Physics C Electricity and Magnetism, AP US History, AP World History, AP French Language, AP Computer Science Principles, AP European History",10,,, ,Regional debate tournament finalist,URM,2026,F,2026-04-04T23:25:28.000Z,,0,,
APP_012,Drew,Young,4/28/08,"1011 Sample Avenue, Madison, WI 53703",608-555-0111,drew.young.012@example.com,Male,Asian,Madison High School,Finley Nguyen,USA,Midwest,Biomedical Engineering,1530,35,3.97,4.4,,"AP Human Geography, AP Chemistry, AP Comparative Government, AP Computer Science A, AP Physics C Electricity and Magnetism, AP Macroeconomics, AP Calculus AB, AP Seminar, AP Art History, AP Physics 1, AP French Language, AP English Literature",12,,,"Varsity soccer player, School art club member, Environmental club volunteer, Youth orchestra musician, Science club member, Community food bank volunteer, Library volunteer, Animal shelter volunteer",MVP,international student on visa,2026,F,2026-04-02T18:44:15.000Z,,0,,
APP_013,Parker,Lopez,11/8/06,"1012 Demo Drive, Portland, OR 97205",503-555-0112,parker.lopez.013@example.com,Female,White,Portland High School,Blair Kim,USA,West,Accounting,,31,3.47,3.69,,"AP US History, AP Macroeconomics, AP Chemistry, AP Art History, AP Research",5,,,School art club member,"Community service recognition, School leadership award, Robotics competition team award", ,2026,F,2026-03-28T02:51:54.000Z,,0,,
APP_014,Reese,Carter,5/29/08,"1013 Prototype Road, Boston, MA 02108",617-555-0113,reese.carter.014@example.com,Female,White,Boston High School,Dakota Lopez,USA,Northeast,Philosophy,31,,3.47,3.89,,,0,,,"Debate team member, Coding club member, Drama club performer, Animal shelter volunteer",Community service recognition,First-Gen,2026,F,2026-04-01T03:08:53.000Z,,0,,
APP_015,Rowan,Foster,2/12/08,"1014 Test Court, Austin, TX 78701",512-555-0114,rowan.foster.015@example.com,Male,White,Austin High School,Alex Singh,USA,Southwest,Undecided,,34,4,4.48,32/397,"AP Physics C Electricity and Magnetism, AP Calculus AB, AP Environmental Science, AP Computer Science Principles, AP English Language, AP Biology, AP Chemistry, AP Physics 2",8,,,"Concert band musician, Robotics club member, School newspaper editor, Science club member, Youth orchestra musician", ,"None really, gonna do marching band",2026,F,2026-02-08T03:52:36.000Z,,0,,
APP_016,Sage,Stone,5/3/07, ,303-555-0115,sage.stone.016@example.com,Male,White,Denver High School,Jordan Davis,USA,West,"Philospohy, Politics, and Law",1400,,3.92,4.53,3/300,"AP US Government, AP Chemistry, AP Microeconomics, AP Calculus AB",4,,,"Chess club member, Yearbook photographer","Community service recognition, Regional science fair finalist",,2026,F,2026-04-02T22:57:11.000Z,,0,,
APP_017,Emerson,Nguyen,6/13/09,"1016 Sample Avenue, Columbus, OH 43215",614-555-0116,emerson.nguyen.017@example.com, ,Asian,Columbus High School,Taylor Wilson,USA,Midwest,Environmental Science,,,3.92,4.7,,"AP English Literature, AP Research, AP Seminar, AP Psychology, AP US History, AP Statistics, AP Computer Science A",7,,,"Science club member, Drama club performer, Coding club member, Yearbook photographer, Chess club member",School academic honor roll,First gen,2026,F,2026-03-24T20:04:21.000Z,,0,,
APP_018,Finley,Scott,4/21/07,"1017 Demo Drive, Richmond, VA 23220",804-555-0117, ,Male,Asian,Richmond High School,Morgan Allen,USA,Southeast,"Political Science, Sociology, Economics, Business",1550,,3.98,4.65,,"AP Computer Science Principles, AP Microeconomics, AP Spanish Language, AP Macroeconomics, AP Psychology, AP Art History, AP Chemistry, AP French Language",8,,,"Student council representative, School newspaper editor, Peer math tutor, Debate team member, Youth orchestra musician, Yearbook photographer, Coding club member",School music achievement award,,2026,F,2026-04-07T01:52:58.000Z,,0,,
APP_019,Blair, ,1/26/09,"1018 Prototype Road, Albany, NY 12207",518-555-0118,blair.brooks.019@example.com,Male,Multiracial,Albany High School,Casey Scott,USA,Northeast,Electrical Engineering,1270,26,3.7,4.2,,"AP Human Geography, AP English Language, AP Macroeconomics, AP Music Theory, AP French Language",5,,,Science club member,Community service recognition,"First-Gen, URM",2026,F,2026-08-11T00:56:27.000Z,,0,,
APP_020,Dakota,Moore,2/14/08,"1019 Test Court, Phoenix, AZ 85004",602-555-0119,dakota.moore.020@example.com,Male,Black,Phoenix High School,Riley Bennett,USA,Southwest,Computer Science,1500,,3.8,3.9,200/600, ,0,,, , , ,2026,F,2026-04-02T16:57:13.000Z,,0,,