App_ID,First_Name,Last_Name,Date_Of_Birth,Mailing_Address,Primary_Phone_Number,Email_Address,Gender,Ethnicity,Name_of_HS,Counselor_Name,Country,Region,Intended_Major,Superscored_SAT_Score,Superscored_ACT_Score,Unweighted_GPA,Weighted_GPA,Rank,Total_APs,Total_IBs,Activities,Awards,Hooks,Admission_Year,Admission_Term,Create_Date_Time,Last_Updated,Review_Ctr,Application_status,Final_Decision
1000000001,Alex,Bennett,2008-11-21,"1000 Example Lane, Raleigh, NC 27601",919-555-0100,alex.bennett.001@example.com,Female,Asian,Raleigh High School,Avery James,USA,Southeast,"Studio Art, llustration",1500,,3.86,4.68,,7,,"Environmental club volunteer, Track and field athlete, Varsity soccer player, School art club member, Science club member, Animal shelter volunteer, Debate team member, Chess club member, Robotics club member","School academic honor roll, District art competition finalist, School mathematics award, School leadership award, Student journalism recognition",,2026,F,2023-03-30T15:34:14.000Z,,0,,
1000000002,Jordan,Ellis,2009-07-21,"1001 Sample Avenue, Madison, WI 53703",608-555-0101,jordan.ellis.002@example.com,Female,Black,Madison High School,Quinn Lane,USA,Midwest,"Theatre, Political Science, Business",1430,,3.3,,,,,"Varsity soccer player, Robotics club member, Debate team member, Chess club member, School art club member, School newspaper editor, Track and field athlete, Animal shelter volunteer","Student journalism recognition, Community service recognition, School academic honor roll","URM, First-Gen",2026,F,2021-03-31T04:34:00.000Z,,0,,
1000000003,Taylor,Price,2007-06-24,"1002 Demo Drive, Portland, OR 97205",503-555-0102,taylor.price.003@example.com,Female,East Asian,Portland High School,Cameron Moore,USA,West,"Biomedical Engineering, Bioengineering",1570,,3.9,,,11,,"Yearbook photographer, Track and field athlete, Youth orchestra musician, Coding club member, Environmental club volunteer, Community food bank volunteer, Concert band musician, Science club member, Animal shelter volunteer",Robotics competition team award,,2026,F,2022-02-13T03:18:54.000Z,,0,,
1000000004,Morgan,Chen,2008-11-05,"1003 Prototype Road, Boston, MA 02108",617-555-0103,morgan.chen.004@example.com,Female,White,Boston High School,Jamie Price,USA,Northeast,Political science,,31,3.7,4.6,18/250,7,,School art club member,"School music achievement award, School leadership award, Regional debate tournament finalist",,2026,F,2021-03-31T23:59:26.000Z,,0,,
1000000005,Casey,Allen,2009-03-09,"1004 Test Court, Austin, TX 78701",512-555-0104,casey.allen.005@example.com,Female,White,Austin High School,Sydney Stone,USA,Southwest,"Neuroscience, Pre-Med",,32,3.95,,,7,,"Chess club member, Concert band musician, Student council representative, Debate team member, Community garden volunteer, School newspaper editor, Coding club member, Environmental club volunteer","Regional science fair finalist, Robotics competition team award",,2026,F,2021-04-08T14:45:46.000Z,,0,,
1000000006,Riley,Reed,2009-03-22,"1005 Example Lane, Denver, CO 80203",303-555-0105,riley.reed.006@example.com,Female,White,Denver High School,Drew Walker,USA,West,"Biology, Gender Studies",1320,31,3.92,4.74,,5,,"Robotics club member, Debate team member","Regional debate tournament finalist, School leadership award, School music achievement award",legacy at drake university,2026,F,2021-02-22T20:45:56.000Z,,0,,
1000000007,Avery,Lane,2007-08-27,"1006 Sample Avenue, Columbus, OH 43215",614-555-0106,avery.lane.007@example.com,Male,Indian,Columbus High School,Parker Young,USA,Midwest,Physics,,36,4.0,,,11,,"Environmental club volunteer, School art club member, Community garden volunteer","District art competition finalist, Community service recognition, School academic honor roll, Student journalism recognition, Regional debate tournament finalist",,2026,F,2023-04-01T11:58:29.000Z,,0,,
1000000008,Quinn,Rivera,2009-02-21,"1007 Demo Drive, Richmond, VA 23220",804-555-0107,quinn.rivera.008@example.com,Male,White/Jew,Richmond High School,Reese Collins,USA,Southeast,Biochemistry,1460,,,4.3,,13,,"Environmental club volunteer, Yearbook photographer, Chess club member","School music achievement award, Regional science fair finalist, School academic honor roll, Robotics competition team award, Student journalism recognition",,2026,F,2023-03-30T01:44:16.000Z,,0,,
1000000009,Cameron,Davis,2008-03-27,"1008 Prototype Road, Albany, NY 12207",518-555-0108,cameron.davis.009@example.com,Male,White,Albany High School,Rowan Rivera,USA,Northeast,"Pre-med, Biology, Chemistry",,31,3.85,4.47,,14,,"Science club member, Community food bank volunteer, Chess club member, Peer math tutor, Community garden volunteer, Concert band musician, Drama club performer, Varsity soccer player, School newspaper editor","Community service recognition, Student journalism recognition, Regional science fair finalist",,2026,F,2021-04-15T14:15:55.000Z,,0,,
1000000010,Jamie,Morgan,2009-02-07,"1009 Test Court, Phoenix, AZ 85004",602-555-0109,jamie.morgan.010@example.com,Female,White,Phoenix High School,Sage Patel,USA,Southwest,Political Science,,35,4.0,4.2,,9,,"School newspaper editor, Robotics club member",School leadership award,underrepresented state,2026,F,2021-04-07T02:26:18.000Z,,0,,
1000000011,Sydney,Hart,2008-07-31,"1010 Example Lane, Raleigh, NC 27601",919-555-0110,sydney.hart.011@example.com,Female,Hispanic/Latino,Raleigh High School,Emerson Chen,USA,Southeast,Public Health,1420,,96.0,102.0,,10,,"Yearbook photographer, School art club member",Regional debate tournament finalist,URM,2026,F,2023-04-04T23:25:28.000Z,,0,,
1000000012,Drew,Young,2008-04-28,"1011 Sample Avenue, Madison, WI 53703",608-555-0111,drew.young.012@example.com,Male,Indian,Madison High School,Finley Nguyen,USA,Midwest,Biomedical Engineering,1530,35,3.97,4.4,,12,,"Varsity soccer player, School art club member, Environmental club volunteer, Youth orchestra musician, Science club member, Community food bank volunteer, Library volunteer, Animal shelter volunteer","Regional debate tournament finalist, Community service recognition",international student on visa,2026,F,2022-04-02T18:44:15.000Z,,0,,
1000000013,Parker,Lopez,2006-11-08,"1012 Demo Drive, Portland, OR 97205",503-555-0112,parker.lopez.013@example.com,Female,White,Portland High School,Blair Kim,USA,West,Accounting,,31,3.47,3.69,,5,,School art club member,"Community service recognition, School leadership award, Robotics competition team award",,2026,F,2021-03-28T02:51:54.000Z,,0,,
1000000014,Reese,Carter,2008-05-29,"1013 Prototype Road, Boston, MA 02108",617-555-0113,reese.carter.014@example.com,Female,White,Boston High School,Dakota Lopez,USA,Northeast,Philosophy,31,,3.47,3.89,,,,"Debate team member, Coding club member, Drama club performer, Animal shelter volunteer",Community service recognition,First-Gen,2026,F,2021-04-01T03:08:53.000Z,,0,,
1000000015,Rowan,Foster,2008-02-12,"1014 Test Court, Austin, TX 78701",512-555-0114,rowan.foster.015@example.com,Male,White,Austin High School,Alex Singh,USA,Southwest,Undecided,,34,4.0,4.48,32/397,8,,"Concert band musician, Robotics club member, School newspaper editor, Science club member, Youth orchestra musician","Regional science fair finalist, Community service recognition, Student journalism recognition, Robotics competition team award","None really, gonna do marching band",2026,F,2022-02-08T03:52:36.000Z,,0,,
1000000016,Sage,Stone,2007-05-03,"1015 Example Lane, Denver, CO 80203",303-555-0115,sage.stone.016@example.com,Male,White,Denver High School,Jordan Davis,USA,West,"Philospohy, Politics, and Law",1400,,3.92,4.53,3/300,4,,"Chess club member, Yearbook photographer","Community service recognition, Regional science fair finalist",,2026,F,2022-04-02T22:57:11.000Z,,0,,
1000000017,Emerson,Nguyen,2009-06-13,"1016 Sample Avenue, Columbus, OH 43215",614-555-0116,emerson.nguyen.017@example.com,Male,Asian,Columbus High School,Taylor Wilson,USA,Midwest,Environmental Science,,,3.92,4.7,,7,,"Science club member, Drama club performer, Coding club member, Yearbook photographer, Chess club member",School academic honor roll,First gen,2026,F,2022-03-24T20:04:21.000Z,,0,,
1000000018,Finley,Scott,2007-04-21,"1017 Demo Drive, Richmond, VA 23220",804-555-0117,finley.scott.018@example.com,Male,Asian,Richmond High School,Morgan Allen,USA,Southeast,"Political Science, Sociology, Economics, Business",1550,,3.98,4.65,,8,,"Student council representative, School newspaper editor, Peer math tutor, Debate team member, Youth orchestra musician, Yearbook photographer, Coding club member",School music achievement award,,2026,F,2021-04-07T01:52:58.000Z,,0,,
1000000019,Blair,Brooks,2009-01-26,"1018 Prototype Road, Albany, NY 12207",518-555-0118,blair.brooks.019@example.com,Male,Asian/Pacific Islander/Black,Albany High School,Casey Scott,USA,Northeast,Electrical Engineering,1270,26,3.7,4.2,,5,,Science club member,Community service recognition,"First-Gen, URM",2026,F,2020-08-11T00:56:27.000Z,,0,,
1000000020,Dakota,Moore,2008-02-14,"1019 Test Court, Phoenix, AZ 85004",602-555-0119,dakota.moore.020@example.com,Male,Black (Ghana),Phoenix High School,Riley Bennett,USA,Southwest,Computer Science,1500,,3.8,3.9,200/600,7,,"Yearbook photographer, Youth orchestra musician, Track and field athlete, Animal shelter volunteer, Community garden volunteer, Community food bank volunteer, Environmental club volunteer, Chess club member","Regional debate tournament finalist, Community service recognition, School mathematics award, Regional science fair finalist","URM, Geographic (African + lived in multiple countries), Legacy",2026,F,2023-04-02T16:57:13.000Z,,0,,
1000000021,Alex,Chen,2007-06-19,"1020 Example Lane, Raleigh, NC 27601",919-555-0120,alex.chen.021@example.com,Male,South Asian (American Citizen),Raleigh High School,Avery Carter,USA,Southeast,Aerospace Engineering,1510,,98.0,,1/180,3,,"Varsity soccer player, School newspaper editor, Robotics club member, Environmental club volunteer, Animal shelter volunteer, Chess club member","District art competition finalist, Regional debate tournament finalist, School mathematics award, School academic honor roll",First-Gen,2026,F,2023-02-17T04:39:44.000Z,,0,,
1000000022,Jordan,Allen,2008-01-12,"1021 Sample Avenue, Madison, WI 53703",608-555-0121,jordan.allen.022@example.com,Trans male,White,Madison High School,Quinn Hayes,USA,Midwest,Biomedical Engineering,,34,4.0,4.36,1/96,1,,"Student council representative, Library volunteer, Community food bank volunteer, Youth orchestra musician, Drama club performer, Debate team member, Coding club member","School leadership award, School mathematics award, District art competition finalist","Trans, rural",2026,F,2022-03-31T23:12:55.000Z,,0,,
1000000023,Taylor,Reed,2006-11-10,"1022 Demo Drive, Portland, OR 97205",503-555-0122,taylor.reed.023@example.com,Male,Asian indian,Portland High School,Cameron Morgan,USA,West,"Computer Engineering, Computer Science",1590,,4.0,4.7,9/496,13,,"Science club member, Robotics club member, School art club member, Drama club performer, Coding club member",School mathematics award,,2026,F,2023-04-01T13:28:21.000Z,,0,,
1000000024,Morgan,Lane,2006-10-03,"1023 Prototype Road, Boston, MA 02108",617-555-0123,morgan.lane.024@example.com,Male,White,Boston High School,Jamie Parker,USA,Northeast,Chemistry,1540,,3.98,4.48,1/17,11,,"Animal shelter volunteer, Concert band musician, Environmental club volunteer, Yearbook photographer, Track and field athlete, Robotics club member, School art club member, Drama club performer",District art competition finalist,,2026,F,2023-03-31T22:19:50.000Z,,0,,
1000000025,Casey,Rivera,2009-06-21,"1024 Test Court, Austin, TX 78701",512-555-0124,casey.rivera.025@example.com,F,Asian (Indian),Austin High School,Sydney Reed,USA,Southwest,Creative Writing,1530,34,3.9,4.53,,6,,"Environmental club volunteer, Debate team member, Yearbook photographer","Student journalism recognition, School music achievement award, Regional debate tournament finalist, School leadership award",None (first gen in US though),2026,F,2021-04-07T01:23:57.000Z,,0,,
1000000026,Riley,Davis,2007-01-29,"1025 Example Lane, Denver, CO 80203",303-555-0125,riley.davis.026@example.com,Male,Asian,Denver High School,Drew Brooks,USA,West,CS,1510,,3.96,4.5,,5,,"Library volunteer, Debate team member, Yearbook photographer, Student council representative, Peer math tutor, Coding club member, Science club member","School academic honor roll, Regional debate tournament finalist",,2026,F,2023-04-06T22:19:13.000Z,,0,,
1000000027,Avery,Morgan,2008-11-15,"1026 Sample Avenue, Columbus, OH 43215",614-555-0126,avery.morgan.027@example.com,Male,Asian,Columbus High School,Parker Ellis,USA,Midwest,Finance,,35,4.0,4.48,,7,,"Drama club performer, Community garden volunteer, Student council representative, School newspaper editor, Yearbook photographer, Chess club member","Robotics competition team award, School leadership award, Regional debate tournament finalist, Regional science fair finalist",,2026,F,2022-01-19T17:06:10.000Z,,0,,
1000000028,Quinn,Hart,2008-10-28,"1027 Demo Drive, Richmond, VA 23220",804-555-0127,quinn.hart.028@example.com,Male,Asian (India),Richmond High School,Reese Foster,USA,Southeast,"Biochemistry, Chemistry",1550,,3.98,4.2,1/16,1,7,"Varsity soccer player, School newspaper editor","Community service recognition, Regional debate tournament finalist, School music achievement award, School academic honor roll, Student journalism recognition",,2026,F,2021-06-02T16:24:15.000Z,,0,,
1000000029,Cameron,Young,2007-10-14,"1028 Prototype Road, Albany, NY 12207",518-555-0128,cameron.young.029@example.com,Male,Asian/Chinese,Albany High School,Rowan Gray,USA,Northeast,"Business, Economics, Computer Science",1580,,4.0,5.19,,18,,"Varsity soccer player, Animal shelter volunteer, Yearbook photographer, Student council representative","Robotics competition team award, School academic honor roll, School leadership award, District art competition finalist, Regional science fair finalist",,2026,F,2023-04-01T05:56:55.000Z,,0,,
1000000030,Jamie,Lopez,2009-08-24,"1029 Test Court, Phoenix, AZ 85004",602-555-0129,jamie.lopez.030@example.com,Male,Black/West African & Caribbean,Phoenix High School,Sage Hart,USA,Southwest,"Biology, Biochemistry",1410,,96.35,99.28,,9,,"Library volunteer, Track and field athlete, School newspaper editor, Coding club member, Debate team member, Drama club performer, Environmental club volunteer, Concert band musician","Student journalism recognition, District art competition finalist",,2026,F,2022-04-02T01:33:18.000Z,,0,,
1000000031,Sydney,Carter,2007-03-23,"1030 Example Lane, Raleigh, NC 27601",919-555-0130,sydney.carter.031@example.com,Male,Chinese,Raleigh High School,Emerson James,USA,Southeast,Chemical engineering,,34,3.85,4.25,,8,,"Community food bank volunteer, Concert band musician, Environmental club volunteer, Track and field athlete",Student journalism recognition,"First-gen, one parent did not finish middle school",2026,F,2023-01-30T02:49:34.000Z,,0,,
1000000032,Drew,Foster,2006-10-29,"1031 Sample Avenue, Madison, WI 53703",608-555-0131,drew.foster.032@example.com,Male,Indian,Madison High School,Finley Lane,USA,Midwest,CS,1520,,4.0,4.36,,10,,"School art club member, Library volunteer, Animal shelter volunteer, Varsity soccer player, Yearbook photographer, Chess club member, Youth orchestra musician",Robotics competition team award,,2026,F,2023-03-31T21:48:46.000Z,,0,,
1000000033,Parker,Stone,2009-08-31,"1032 Demo Drive, Portland, OR 97205",503-555-0132,parker.stone.033@example.com,Male,Indian,Portland High School,Blair Moore,USA,West,Computer Science,1500,,3.76,5.01,33/336,14,,"School newspaper editor, Community food bank volunteer, Student council representative, Debate team member, Animal shelter volunteer, Drama club performer, Coding club member","School academic honor roll, District art competition finalist, Community service recognition, Regional debate tournament finalist, School music achievement award",,2026,F,2023-04-01T01:23:39.000Z,,0,,
1000000034,Reese,Nguyen,2008-06-10,"1033 Prototype Road, Boston, MA 02108",617-555-0133,reese.nguyen.034@example.com,Male,Middle Eastern (which is reported as White),Boston High School,Dakota Price,USA,Northeast,Computer Science,1490,,3.95,4.39,160/920,8,,"Animal shelter volunteer, Student council representative, Science club member, Drama club performer, Debate team member, Varsity soccer player, Community food bank volunteer","School music achievement award, Robotics competition team award",,2026,F,2021-04-08T00:31:57.000Z,,0,,
1000000035,Rowan,Scott,2007-07-31,"1034 Test Court, Austin, TX 78701",512-555-0134,rowan.scott.035@example.com,Male,"White, Latino (Mexico)",Austin High School,Alex Stone,USA,Southwest,"Mathematics, Physics",1550,,4.0,4.86,12/889,13,,"Animal shelter volunteer, Science club member, Debate team member, Robotics club member, Environmental club volunteer, Yearbook photographer, Drama club performer, Student council representative, Coding club member, Youth orchestra musician",School mathematics award,Technically a first-gen college student,2026,F,2022-03-25T16:15:16.000Z,,0,,
1000000036,Sage,Brooks,2009-06-24,"1035 Example Lane, Denver, CO 80203",303-555-0135,sage.brooks.036@example.com,Male,White/European,Denver High School,Jordan Walker,USA,West,Econ,1540,,3.5,4.1,99/527,1,,"Coding club member, Community food bank volunteer, Track and field athlete","Regional debate tournament finalist, Regional science fair finalist, Robotics competition team award, School academic honor roll, District art competition finalist",,2026,F,2022-01-28T05:14:26.000Z,,0,,
1000000037,Emerson,Moore,2009-02-18,"1036 Sample Avenue, Columbus, OH 43215",614-555-0136,emerson.moore.037@example.com,Male,Indian,Columbus High School,Taylor Young,USA,Midwest,Architecture,1520,35,3.97,3.97,24/563,10,,"Track and field athlete, Chess club member, Library volunteer, Varsity soccer player, Community food bank volunteer, School newspaper editor, Youth orchestra musician","School music achievement award, Community service recognition, Regional science fair finalist, School leadership award, School mathematics award",,2026,F,2022-04-05T16:00:04.000Z,,0,,
1000000038,Finley,Patel,2008-04-18,"1037 Demo Drive, Richmond, VA 23220",804-555-0137,finley.patel.038@example.com,Male,White,Richmond High School,Morgan Collins,USA,Southeast,Statistics,1580,,98.0,,3/1000,1,4,"Animal shelter volunteer, Community garden volunteer, Youth orchestra musician, Track and field athlete, Coding club member","Regional debate tournament finalist, Student journalism recognition, School mathematics award, Robotics competition team award, Regional science fair finalist",Financial aid requested,2026,F,2021-06-22T18:32:27.000Z,,0,,
1000000039,Blair,Wilson,2008-03-28,"1038 Prototype Road, Albany, NY 12207",518-555-0138,blair.wilson.039@example.com,Male,Asian,Albany High School,Casey Rivera,USA,Northeast,Applied Math,1480,,4.3,,,7,,"Library volunteer, Debate team member, Yearbook photographer, Youth orchestra musician, Peer math tutor, Community garden volunteer, Animal shelter volunteer, Drama club performer, Coding club member, Chess club member","School music achievement award, District art competition finalist, Community service recognition",,2026,F,2021-04-07T13:35:14.000Z,,0,,
1000000040,Dakota,Parker,2007-04-30,"1039 Test Court, Phoenix, AZ 85004",602-555-0139,dakota.parker.040@example.com,Male,Japanese,Phoenix High School,Riley Patel,USA,Southwest,Biochem,1500,,3.94,4.76,,11,,"Environmental club volunteer, Animal shelter volunteer, Youth orchestra musician, Varsity soccer player, Track and field athlete","School academic honor roll, School mathematics award",,2026,F,2023-03-30T23:51:28.000Z,,0,,
1000000041,Alex,Lane,2008-07-04,"1040 Example Lane, Raleigh, NC 27601",919-555-0140,alex.lane.041@example.com,Non-binary,Black,Raleigh High School,Avery Chen,USA,Southeast,Production and Design for Stage/Screen,,29,3.8,4.1,83/413,6,,"Yearbook photographer, Varsity soccer player, Youth orchestra musician, Student council representative, School art club member, Community food bank volunteer, School newspaper editor","Community service recognition, Student journalism recognition, Robotics competition team award","URM, LGBT+",2026,F,2021-05-02T20:51:13.000Z,,0,,
1000000042,Jordan,Rivera,2007-08-30,"1041 Sample Avenue, Madison, WI 53703",608-555-0141,jordan.rivera.042@example.com,Male,Asian,Madison High School,Quinn Nguyen,USA,Midwest,"Molecular Biology, Biochemistry, Piano Performance",1510,35,4.0,,11/639,12,6,"Environmental club volunteer, Robotics club member, Community food bank volunteer, Youth orchestra musician, Chess club member, Peer math tutor, Library volunteer, Science club member","Student journalism recognition, School leadership award",,2026,F,2017-04-01T19:01:12.000Z,,0,,
1000000043,Taylor,Davis,2007-03-03,"1042 Demo Drive, Portland, OR 97205",503-555-0142,taylor.davis.043@example.com,Male,Asian,Portland High School,Cameron Kim,USA,West,Linguistics,1600,,4.0,,,12,,"Community garden volunteer, Robotics club member, Animal shelter volunteer, Drama club performer","School academic honor roll, Student journalism recognition, School mathematics award",,2026,F,2023-04-04T20:03:50.000Z,,0,,
1000000044,Morgan,Morgan,2007-03-12,"1043 Prototype Road, Boston, MA 02108",617-555-0143,morgan.morgan.044@example.com,Male,Asian,Boston High School,Jamie Lopez,USA,Northeast,Anthropology,1580,,4.0,4.5,1/530,4,,"Drama club performer, School newspaper editor, Chess club member, School art club member","Student journalism recognition, School music achievement award",,2026,F,2022-04-13T15:56:36.000Z,,0,,
1000000045,Casey,Hart,2007-09-11,"1044 Test Court, Austin, TX 78701",512-555-0144,casey.hart.045@example.com,Female,Asian,Austin High School,Sydney Singh,USA,Southwest,Computer Science,1560,,4.0,4.6,,12,,"Community garden volunteer, Drama club performer, Varsity soccer player, Coding club member, Student council representative, Peer math tutor, Library volunteer, Robotics club member","School leadership award, School mathematics award, Community service recognition, Regional debate tournament finalist",,2026,F,2021-04-08T08:19:59.000Z,,0,,
1000000046,Riley,Young,2008-10-14,"1045 Example Lane, Denver, CO 80203",303-555-0145,riley.young.046@example.com,M,White/Asian,Denver High School,Drew Davis,USA,West,Economics,1510,,89.6,95.9,100/767,4,,"Debate team member, Environmental club volunteer, Concert band musician, Community garden volunteer, Community food bank volunteer, Varsity soccer player, Student council representative, Science club member, Coding club member",Regional science fair finalist,,2026,F,2021-04-01T04:06:33.000Z,,0,,
1000000047,Avery,Lopez,2009-08-17,"1046 Sample Avenue, Columbus, OH 43215",614-555-0146,avery.lopez.047@example.com,Male,Asian,Columbus High School,Parker Wilson,USA,Midwest,Computer Science,1530,,4.0,4.88,,13,,School newspaper editor,"Regional debate tournament finalist, Robotics competition team award, Student journalism recognition, Community service recognition, School academic honor roll","Shuffled around interest for running D3 at some schools but never anything official, Dad is also legacy of University of Maryland, College Park: College Park",2026,F,2021-11-21T20:55:55.000Z,,0,,
1000000048,Quinn,Carter,2008-04-29,"1047 Demo Drive, Richmond, VA 23220",804-555-0147,quinn.carter.048@example.com,Male,Asian,Richmond High School,Reese Allen,USA,Southeast,"History, Economics",,35,3.9,,,11,,"Science club member, School newspaper editor, Library volunteer, School art club member, Environmental club volunteer, Yearbook photographer","School leadership award, Regional science fair finalist",,2026,F,2017-04-01T01:00:56.000Z,,0,,
1000000049,Cameron,Foster,2007-10-06,"1048 Prototype Road, Albany, NY 12207",518-555-0148,cameron.foster.049@example.com,Female,Chinese,Albany High School,Rowan Scott,USA,Northeast,Mathematics,2360,,,4.6,,8,,"Coding club member, Student council representative, Varsity soccer player","Robotics competition team award, Regional science fair finalist, School mathematics award",,2026,F,2017-04-13T19:27:03.000Z,,0,,
1000000050,Jamie,Stone,2007-10-14,"1049 Test Court, Phoenix, AZ 85004",602-555-0149,jamie.stone.050@example.com,Female,"Mixed (Black, White, hispanic, Vietnamese)",Phoenix High School,Sage Bennett,USA,Southwest,Undecided,,34,3.94,,,10,,"Track and field athlete, Varsity soccer player, Community garden volunteer, Chess club member, Yearbook photographer","Community service recognition, Student journalism recognition, Regional science fair finalist, School mathematics award",,2026,F,2020-04-12T01:03:31.000Z,,0,,
1000000051,Sydney,Nguyen,2007-03-21,"1050 Example Lane, Raleigh, NC 27601",919-555-0150,sydney.nguyen.051@example.com,Male,"Hispanic, Afro-Colombian",Raleigh High School,Emerson Carter,USA,Southeast,Biomedical Engineering,1570,,,4.2,,8,,"Animal shelter volunteer, Chess club member, Varsity soccer player, Library volunteer, Yearbook photographer, Coding club member","Regional science fair finalist, Regional debate tournament finalist, School leadership award",URM,2026,F,2018-01-14T06:05:00.000Z,,0,,
1000000052,Drew,Scott,2009-06-25,"1051 Sample Avenue, Madison, WI 53703",608-555-0151,drew.scott.052@example.com,Male,South Asian,Madison High School,Finley Hayes,USA,Midwest,Cognitive Science,1560,35,4.0,4.67,,9,,"School newspaper editor, Debate team member, Student council representative, Community food bank volunteer, Drama club performer, Community garden volunteer, Youth orchestra musician, Chess club member, Robotics club member","School leadership award, Student journalism recognition, Community service recognition",,2026,F,2020-03-27T01:45:15.000Z,,0,,
1000000053,Parker,Brooks,2008-02-20,"1052 Demo Drive, Portland, OR 97205",503-555-0152,parker.brooks.053@example.com,Male,,Portland High School,Blair Morgan,USA,West,Computer Science,1480,,94.8,,,,,"Chess club member, Community food bank volunteer, Drama club performer, Science club member, Student council representative, Yearbook photographer, Peer math tutor",Student journalism recognition,,2026,F,2019-07-04T10:41:45.000Z,,0,,
1000000054,Reese,Moore,2006-12-31,"1053 Prototype Road, Boston, MA 02108",617-555-0153,reese.moore.054@example.com,Male,White,Boston High School,Dakota Parker,USA,Northeast,Economics,1520,,4.03,4.55,,8,,Youth orchestra musician,"School music achievement award, Robotics competition team award, Student journalism recognition",,2026,F,2022-04-21T15:51:10.000Z,,0,,
1000000055,Rowan,Patel,2007-12-10,"1054 Test Court, Austin, TX 78701",512-555-0154,rowan.patel.055@example.com,Female,"Multiracial (Filipino, Native American, White)",Austin High School,Alex Reed,USA,Southwest,Theatre Stage Management,,26,2.9,3.4,,2,,"School art club member, Youth orchestra musician, Concert band musician, Coding club member","School leadership award, District art competition finalist, Student journalism recognition, Robotics competition team award, School mathematics award",First generation,2026,F,2018-07-03T21:00:41.000Z,,0,,
1000000056,Sage,Wilson,2007-07-29,"1055 Example Lane, Denver, CO 80203",303-555-0155,sage.wilson.056@example.com,Male,Asian,Denver High School,Jordan Brooks,USA,West,Computer Science,1430,34,4.0,,3/450,10,,"Animal shelter volunteer, Coding club member, Environmental club volunteer","School leadership award, Regional debate tournament finalist, Robotics competition team award, School mathematics award, Student journalism recognition","Immigrant to the US, First Generation",2026,F,2020-03-27T02:37:51.000Z,,0,,
1000000057,Emerson,Parker,2009-04-11,"1056 Sample Avenue, Columbus, OH 43215",614-555-0156,emerson.parker.057@example.com,Female,East Asian,Columbus High School,Taylor Ellis,USA,Midwest,International Relations,1530,,4.0,4.53,,4,,"Science club member, Community food bank volunteer","Regional science fair finalist, District art competition finalist, Regional debate tournament finalist, School music achievement award",,2026,F,2022-04-03T23:05:55.000Z,,0,,
1000000058,Finley,James,2008-11-06,"1057 Demo Drive, Richmond, VA 23220",804-555-0157,finley.james.058@example.com,Male,Asian,Richmond High School,Morgan Foster,USA,Southeast,Computer Science,1540,35,4.0,6.3,2/451,7,6,"School art club member, Peer math tutor, Library volunteer, School newspaper editor, Yearbook photographer, Community food bank volunteer",Student journalism recognition,,2026,F,2019-03-30T15:18:20.000Z,,0,,
1000000059,Blair,Collins,2008-06-11,"1058 Prototype Road, Albany, NY 12207",518-555-0158,blair.collins.059@example.com,Male,Asian,Albany High School,Casey Gray,USA,Northeast,Economics,1560,,3.93,4.5,,8,,"Robotics club member, Science club member, Varsity soccer player, Yearbook photographer, School newspaper editor, Student council representative, Environmental club volunteer, Community food bank volunteer","School academic honor roll, Student journalism recognition, Robotics competition team award, Community service recognition",,2026,F,2018-03-30T07:59:16.000Z,,0,,
1000000060,Dakota,Singh,2006-11-12,"1059 Test Court, Phoenix, AZ 85004",602-555-0159,dakota.singh.060@example.com,Male,White,Phoenix High School,Riley Hart,USA,Southwest,Mathematics,,36,4.0,4.0,,5,,"Community food bank volunteer, Yearbook photographer, Varsity soccer player, Community garden volunteer, Youth orchestra musician, Environmental club volunteer, Animal shelter volunteer, Student council representative, Chess club member","Robotics competition team award, School academic honor roll, Regional science fair finalist, District art competition finalist",,2026,F,2017-04-18T09:31:27.000Z,,0,,
